{
  "train_loss": [
    0.1019275806536319,
    0.01677626851385482,
    0.011799361474953,
    0.055339563287575964,
    0.01116307668741262,
    0.002474603871250925,
    0.0033814534485946514,
    0.011658969097895216,
    0.008569826553769495,
    0.005317917777473155,
    0.0012814356908808938,
    0.0003988571457413917,
    0.00931942033540714,
    0.00024399049330490842,
    0.0015129147266054132,
    0.0022688714673147112,
    0.000574719520931861,
    0.00016991064233980307,
    0.00013554622019571564,
    0.00013951979780528308
  ],
  "train_acc": [
    95.99070307960488,
    99.53515398024405,
    99.53515398024405,
    98.37303893085415,
    99.36083672283556,
    99.88378849506101,
    99.9418942475305,
    99.70947123765252,
    99.76757699012202,
    99.88378849506101,
    99.9418942475305,
    100.0,
    99.82568274259151,
    100.0,
    99.9418942475305,
    99.9418942475305,
    100.0,
    100.0,
    100.0,
    100.0
  ],
  "val_loss": [
    0.0078113335999795246,
    0.006782920793424903,
    0.0010752070646137734,
    0.013134952573799322,
    0.0005542009198074413,
    0.0011915042674306158,
    0.0034816518496236333,
    0.014595421814346423,
    0.010530976235298042,
    0.00013403134700613152,
    0.00019475577300276148,
    0.00013578670392306672,
    0.0001574587860882602,
    0.0003756711290816489,
    0.0003021633181058674,
    0.0004664908522219244,
    0.00045563239094276165,
    0.0003674538494649574,
    0.00033993454552266373,
    0.00033462682499587015
  ],
  "val_acc": [
    99.76798143851508,
    99.76798143851508,
    100.0,
    99.53596287703016,
    100.0,
    100.0,
    99.76798143851508,
    99.53596287703016,
    99.76798143851508,
    100.0,
    100.0,
    100.0,
    100.0,
    100.0,
    100.0,
    100.0,
    100.0,
    100.0,
    100.0,
    100.0
  ]
}